keyword,page_type,category,search_volume,difficulty,template_type,page_type_category,variables
remove background for shopify,functionality,use_case_specific,800,30,use_case_template,remove_background,"{""platform"": ""Shopify"", ""use_case"": ""e-commerce"", ""industry"": ""online retail""}"
remove background for amazon,functionality,use_case_specific,600,28,use_case_template,remove_background,"{""platform"": ""Amazon"", ""use_case"": ""e-commerce"", ""industry"": ""online retail""}"
upscale image for print,functionality,use_case_specific,400,25,use_case_template,upscale,"{""use_case"": ""print"", ""industry"": ""printing"", ""image_type"": ""high resolution""}"
upscale image for real estate,functionality,use_case_specific,300,25,use_case_template,upscale,"{""use_case"": ""real estate"", ""industry"": ""property"", ""image_type"": ""property photos""}"
enhance image for ecommerce,functionality,use_case_specific,350,25,use_case_template,enhance,"{""use_case"": ""e-commerce"", ""industry"": ""online retail"", ""image_type"": ""product photos""}"
blur background for portraits,functionality,use_case_specific,250,20,use_case_template,blur,"{""use_case"": ""portraits"", ""image_type"": ""portrait photos""}"
remove text from image for shopify,functionality,use_case_specific,200,25,use_case_template,remove_text,"{""platform"": ""Shopify"", ""use_case"": ""e-commerce"", ""image_type"": ""product photos""}"
change background to red,functionality,color_specific,300,20,color_template,change_background_color,"{""color"": ""red"", ""hex"": ""#FF0000"", ""use_cases"": ""product photos, marketing""}"
change background to green,functionality,color_specific,200,20,color_template,change_background_color,"{""color"": ""green"", ""hex"": ""#00FF00"", ""use_cases"": ""nature, eco products""}"
change background to purple,functionality,color_specific,150,20,color_template,change_background_color,"{""color"": ""purple"", ""hex"": ""#800080"", ""use_cases"": ""creative, branding""}"
convert image to png for web,functionality,use_case_specific,400,25,use_case_template,convert_format,"{""use_case"": ""web"", ""format"": ""PNG"", ""industry"": ""web development""}"
bulk resize images for shopify,functionality,use_case_specific,350,25,use_case_template,bulk_resize,"{""platform"": ""Shopify"", ""use_case"": ""e-commerce"", ""industry"": ""online retail""}"
how to remove background for shopify,blog,platform_tutorial,500,30,tutorial_template,remove_background,"{""platform"": ""Shopify"", ""use_case"": ""e-commerce"", ""action"": ""remove background""}"
how to upscale image for print,blog,use_case_tutorial,400,28,tutorial_template,upscale,"{""use_case"": ""print"", ""action"": ""upscale image""}"
how to enhance image for ecommerce,blog,use_case_tutorial,350,25,tutorial_template,enhance,"{""use_case"": ""e-commerce"", ""action"": ""enhance image""}"
best background remover for shopify,blog,comparison,600,35,comparison_template,remove_background,"{""platform"": ""Shopify"", ""tool_a"": ""ChangeImageTo"", ""tool_b"": ""Remove.bg""}"
best image upscaler for print,blog,comparison,300,30,comparison_template,upscale,"{""use_case"": ""print"", ""tool_a"": ""ChangeImageTo"", ""tool_b"": ""Topaz AI""}"

